id;mes;criado;boleto_url;data_pago
1;2021-04-07;2021-04-07T07:39:07;Travessa deposit;2021-04-06T13:09:06
2;2021-04-06;2021-04-07T02:03:24;mobile array optimize;2021-04-07T05:29:02
3;2021-04-07;2021-04-07T07:47:34;model Savings encoding;2021-04-07T00:21:44
4;2021-04-07;2021-04-07T01:50:07;navigate 1080p synergistic;2021-04-06T22:24:02
5;2021-04-06;2021-04-06T11:56:32;Toalhas;2021-04-06T14:42:34
6;2021-04-06;2021-04-06T19:24:52;e-services modular Finlândia;2021-04-06T22:21:20
7;2021-04-06;2021-04-06T21:39:36;exuding demand-driven Web;2021-04-07T10:43:21
8;2021-04-07;2021-04-06T17:34:46;Market;2021-04-06T18:34:47
9;2021-04-06;2021-04-06T13:00:58;Avon;2021-04-07T09:42:31
10;2021-04-06;2021-04-07T09:34:19;grená Chief;2021-04-06T15:56:21
